{
 "xs": [
  [
   -0.8,
   3656.1509736258317,
   852,
   3703.409691629956,
   742.4669603524229
  ],
  [
   -0.4,
   3558.7652418072216,
   726,
   3595.782222222222,
   743.1111111111111
  ],
  [
   0.0,
   3462.683901843945,
   852,
   3505.782222222222,
   743.1111111111111
  ],
  [
   0.4,
   3382.2379062558707,
   852,
   3398.5,
   742.0
  ],
  [
   0.8,
   3292.173789533489,
   726,
   3290.5,
   742.0
  ]
 ],
 "ys": [
  [
   -0.8,
   3464.721653833984,
   759,
   3487.5434782608695,
   668.3565217391305
  ],
  [
   -0.4,
   3464.8151901649726,
   818,
   3505.437689969605,
   706.0273556231003
  ],
  [
   0.0,
   3475.7363704077466,
   852,
   3505.6666666666665,
   742.1318681318681
  ],
  [
   0.4,
   3468.7315646902007,
   781,
   3506.5,
   742.0
  ],
  [
   0.8,
   3463.0951560255908,
   966,
   3488.5,
   851.8993288590603
  ]
 ]
}